{"version":"0.24","interactions":{"f5063167-6fc5-4e0e-b411-b7f360c9435a":[{"properties":{"transition":"auto-animate","duration":0.3,"easing":"ease-out","destination":"72deacfe-a19f-41be-a9cb-2d388e55d2a3","voiceLocale":"en-us"},"triggerEvent":"tap","action":"state-transition","id":"73eb96ca-6300-452a-8854-4edd031680ee"}],"c3e3f9fd-3ee9-4f0d-8a8e-05cee87da2e3":[{"properties":{"transition":"auto-animate","duration":0.3,"easing":"ease-out","destination":"f5063167-6fc5-4e0e-b411-b7f360c9435a","voiceLocale":"en-us"},"triggerEvent":"tap","action":"state-transition","id":"3d3a5989-469b-42d1-b340-3d1b76c75be9"}],"eb1a0f3b-221d-4e90-81ea-512d1a68c96c":[{"properties":{"transition":"auto-animate","duration":0.3,"easing":"ease-out","destination":"d97200d2-6ea7-4765-8429-7e8d7ec3f5f0","voiceLocale":"en-us"},"triggerEvent":"tap","action":"state-transition","id":"8b269c69-d5aa-4a02-b223-858ebe6fd414"}],"756c02d2-93ec-4b44-939f-05e08b306584":[{"properties":{"transition":"auto-animate","duration":0.3,"easing":"ease-out","destination":"c34c33c3-48c7-48c4-bf86-ac68776c5d80","voiceLocale":"en-us"},"triggerEvent":"tap","action":"state-transition","id":"88fa4cf2-c81d-42fe-a4c1-5a32f8e09aeb"}],"bd5cff88-8de6-4b96-8379-b3e95b55549a":[{"properties":{"transition":"auto-animate","duration":0.3,"easing":"ease-out","destination":"d97200d2-6ea7-4765-8429-7e8d7ec3f5f0","voiceLocale":"en-us"},"triggerEvent":"tap","action":"state-transition","id":"9728bfec-ba61-4b37-8f2f-eab1a94754d8"}]}}